country,Afghanistan,Angola,Albania,Andorra,United Arab Emirates,Argentina,Armenia,Antigua and Barbuda,Australia,Austria,Azerbaijan,Burundi,Belgium,Benin,Burkina Faso,Bangladesh,Bulgaria,Bahrain,Bahamas,Bosnia and Herzegovina,Belarus,Belize,Bolivia,Brazil,Barbados,Brunei,Bhutan,Botswana,Central African Republic,Canada,Switzerland,Chile,China,Cote d'Ivoire,Cameroon,"Congo, Dem. Rep.","Congo, Rep.",Cook Is,Colombia,Comoros,Cape Verde,Costa Rica,Cuba,Cyprus,Czech Republic,Germany,Djibouti,Dominica,Denmark,Dominican Republic,Algeria,Ecuador,Egypt,Eritrea,Spain,Estonia,Ethiopia,Finland,Fiji,France,"Micronesia, Fed. Sts.",Gabon,United Kingdom,Georgia,Ghana,Guinea,Gambia,Guinea-Bissau,Equatorial Guinea,Greece,Grenada,Guatemala,Guyana,Honduras,Croatia,Haiti,Hungary,Indonesia,India,Ireland,Iran,Iraq,Iceland,Israel,Italy,Jamaica,Jordan,Japan,Kazakhstan,Kenya,Kyrgyz Republic,Cambodia,Kiribati,St. Kitts and Nevis,South Korea,Kuwait,Lao,Lebanon,Liberia,Libya,St. Lucia,Sri Lanka,Lesotho,Lithuania,Luxembourg,Latvia,Morocco,Monaco,Moldova,Madagascar,Maldives,Mexico,Marshall Islands,North Macedonia,Mali,Malta,Myanmar,Montenegro,Mongolia,Mozambique,Mauritania,Mauritius,Malawi,Malaysia,Namibia,Niger,Nigeria,Nicaragua,Niue,Netherlands,Norway,Nepal,Nauru,New Zealand,Oman,Pakistan,Panama,Peru,Philippines,Palau,Papua New Guinea,Poland,North Korea,Portugal,Paraguay,Palestine,Qatar,Romania,Russia,Rwanda,Saudi Arabia,Sudan,Senegal,Singapore,Solomon Islands,Sierra Leone,El Salvador,San Marino,Somalia,Serbia,South Sudan,Sao Tome and Principe,Suriname,Slovak Republic,Slovenia,Sweden,Eswatini,Seychelles,Syria,Chad,Togo,Thailand,Tajikistan,Turkmenistan,Timor-Leste,Tonga,Trinidad and Tobago,Tunisia,Turkey,Tuvalu,Tanzania,Uganda,Ukraine,Uruguay,United States,Uzbekistan,St. Vincent and the Grenadines,Venezuela,Vietnam,Vanuatu,Samoa,Yemen,South Africa,Zambia,Zimbabwe
1950,,,,,,,,,,,,,,,,,,,,,,,,,,,,,,,,,,,,,,,,,,,,,,,,,,,,,,,,,,,,,,,,,,,,,,,,,,,,,,,,,,,,,,,,,,,,,,,32.4*1000,,,,,,,,,,,,,,,,,,,,,,,,,,,,,,,,,,,,,,,,,,,,,,,,,,,,,,,,,,,,,,,,,,,,,,,,,,,,,,,,,,,,,,,,,,,,,,,,,,,,
1951,,,,,,,,,,,,,,,,,,,,,,,,,,,,,,,,,,,,,,,,,,,,,,,,,,10.1*1000,,,,,,,,,,,,,,,,,,,,,,,883,,,,,,,,,,47,,,2170,,,,,,,,,29*1000,,,,,,,14.1*1000,,,,,,,,,,,,,,,,,,,,,,,,,,,,,,,,,,156*1000,,,,,,,,,,,,,,,,,,,,,,,,,,,,,,,,,,,,60.1*1000,,,,,,,,,,,,,,,,,,,,,,,
1952,,,,,,,,,,,,,,,,197*1000,,,,,,,,,,,,,,,,,,,,,,,,,,,,,,,,,,10.5*1000,,,,,,,,,,,,,,,,,,,,,,,887,,,,,186*1000,,,,,47,,,2210,1150,,,,,,,,26.3*1000,,,,,,,13.9*1000,,,,,,,,,,,,,,,,,,,,,,,,,,,,,,,,,,153*1000,,,,,,,,,,,,,,,,,,,,,,,,,,,,,,,,,,,,59.9*1000,,,,,,,,,,,,,,,,,,,,,,,
1953,,,,,,,,,,,,,,,,199*1000,,,,,,,,,,,,,,,,,,,,,,,,,,,,,,,,,,10.8*1000,,,,,,,,,,,,,,,,,,,,,,,890,,,,,191*1000,,,,,47,,,2240,1180,,,19.6*1000,,,,,24.2*1000,,,,,,,14*1000,2040,,,,,,,,,,,,,,,,,,,,,,,,,,,,,,,,,152*1000,1680,24.2*1000,,,,,,,,,,,,,,,,,,,,,,,,,,,,,,,,,,60*1000,,,,,1210,,,,,,,,,,,17.4*1000,,,,,,,
1954,,,,,,,,,,3010,,,,,,205*1000,,,,,,,,,,,,,,,1470,,,,17.5*1000,,,,,,,,,,,,,,,11.1*1000,,,,,,,,,,,,,,,,,,,,,,,882,,,,,196*1000,,,,,48,,,2270,1250,,,19.5*1000,,,,,22.5*1000,,,,,,,14.3*1000,2050,,,,,,,,,,,,,,,,,,,,,,,,,,,,,,,,,155*1000,1710,24.2*1000,32.3*1000,,,,,,,,,,,,,,8670,,,,,,,,,,,,,,,,5670,,,60.4*1000,,,,,1230,,82.6*1000,,,,,,,,,17.6*1000,,,,,,,
1955,,,,,,,,,,3100,,,,,,211*1000,,,,,,,,,,,,,,,1470,,,,17.2*1000,,,,,,,,,,,,,,,11.2*1000,,11.9*1000,,,,,,,,,,,,,15.3*1000,,,,,,,,867,,,,,199*1000,,,,,50,,,2310,1340,,,19.2*1000,,,,,21*1000,,,,,,,14.8*1000,2080,,,,,,,,,,,,,,,,,,,,,,,,,,,,,44.2*1000,,,,159*1000,1730,24.2*1000,31.5*1000,,,,,5140,4180,,,,,,,,8700,,,,,,,,,,,,,,,,5530,,,61.5*1000,,,,,1230,,80.8*1000,,,,,,,,,17.7*1000,,,,,,,
1956,,,,,,,,,,3190,,,,,,219*1000,,,,,,,,,,,,,,,1500,,,13.8*1000,17*1000,,,,,,,,,,,,,,,11.2*1000,,11.6*1000,70.6*1000,,,,,,,,,,,,16.3*1000,,,,,,,,846,,,,,203*1000,,,,,51,,,2320,1440,,,18.9*1000,,,,,20*1000,,,,,,,15.3*1000,2120,,,,38*1000,,,,,,,,,,,,,,,,,,,,,,,,,42.7*1000,,,,164*1000,1750,24.1*1000,30.5*1000,,,,,5180,4170,,,,,,,,8730,,,,,,,,,,,,,,,,5360,,,62.6*1000,,,,,1220,,78.6*1000,,,,,,,,,17.9*1000,,,,,,,
1957,,,,,,,,,,3250,,,,6290,,227*1000,,,,,,,,,,,,,,,1520,,,14.3*1000,16.8*1000,,,,,,,,,,,,,,,11.1*1000,,11.2*1000,74.6*1000,,,,,,,,,,,,17.4*1000,,,,,,,,822,,,,,206*1000,,,,,53,,,2310,1550,,,18.8*1000,,,,,19.2*1000,,,,,,,15.8*1000,2170,,,,37.4*1000,,,,,,,,,,,,,,2390,,,,,,,,,,,41*1000,,,,169*1000,1770,24*1000,29.7*1000,,,,,5210,4150,,,,,,,,8750,,,,,,,,,,,,,,,,5140,,,64*1000,,,,,1200,,76.1*1000,,,,,,,,,18.1*1000,,,,,,,
1958,,,,,,,,,,3280,,,,6370,,235*1000,,,,,,,,,,,,,,,1560,,,14.9*1000,16.7*1000,,,,,,,,,,,,,,,11*1000,,11*1000,77.5*1000,,,,,,,,,,,,18.3*1000,,,,,,,,807,,,13.9*1000,,208*1000,,,,,54,,,2300,1650,,,18.6*1000,,,,,18.8*1000,,,,,,,16.1*1000,2220,,,,36.8*1000,,,,,,,,,,,,,,2450,,,,,,,,,,,39.6*1000,,,,173*1000,1790,24.1*1000,28.9*1000,,,,,5230,4140,,,,,,,,8860,,,,,,,,,,,,,,,,4990,,,65.3*1000,,,,,1180,,73.6*1000,,,,,,,,,18.3*1000,,,,,,,
1959,,,,,,,,,,3240,,,3340,6460,,241*1000,,,,,,,,,,,,,,,1610,,,15.3*1000,16.7*1000,,,,,,,,,,,,,,1300,10.7*1000,,10.9*1000,79.4*1000,,21.1*1000,,,1410,,15.8*1000,,,15.7*1000,,19.2*1000,,,,,4960,,,805,,,13.8*1000,4620,209*1000,,1270,,,55,,22.3*1000,2300,1720,,,18.4*1000,,,,,18.5*1000,,,,,,,16.1*1000,2270,,,,36.8*1000,,,,,,,,,,,,,,2510,,,,,,,,,3520,810,38.9*1000,,,,176*1000,1820,24.2*1000,28.7*1000,,,,,5350,4160,,,,,8960,,,8990,,,,,,,,,,,,,1500,,,4900,,,66.7*1000,,,,,1160,,72*1000,,,,,,,,,18.6*1000,,,,,,,
1960,,,,,,,,,,3130,,,3210,6560,,244*1000,,,,,,,,,,,,,,,1630,,,15.7*1000,16.9*1000,,,,,,,,,,,,,,1310,10.4*1000,,11*1000,79.1*1000,,20.8*1000,,,1380,,15.4*1000,,,16*1000,,19.8*1000,,,,,4870,,,835,,,14*1000,4150,209*1000,,1240,,,56,,22.4*1000,2280,1790,,,18.3*1000,,,,,18.8*1000,,,,,,,15.6*1000,2310,,,,37.5*1000,,,,,,,,,,,,,,2540,,,,,,,,,3490,812,38.8*1000,,,,175*1000,1830,24.5*1000,29.2*1000,,,,,5570,4200,,,,,8910,,,9140,,,,,,,,,,,,,1490,,,4940,,,67.6*1000,,,,,1160,,71.5*1000,,,,,,,,,19.1*1000,,,,,,,
1961,,,,,,,,,,3000,,,3010,6680,,245*1000,,,,,,,,,,,,,,,1630,,,16*1000,17.2*1000,,,,,,,,,,,,,,1290,10.1*1000,,11.2*1000,77.3*1000,,20.6*1000,,,1320,,15.1*1000,,,16*1000,,20.3*1000,,,,,4680,,,874,,,14.4*1000,3910,209*1000,,1210,,,55,,22.4*1000,2250,1850,,,18.3*1000,,,,,19.2*1000,,,,,,,15*1000,2350,,,,38.6*1000,,,,,,,,,,,,,,2590,,,,,,,,,3360,798,39.5*1000,,,,174*1000,1840,24.9*1000,30.1*1000,,,,,5730,4280,,,,,8790,,,9370,,,,5030,,,,,,,,,1450,,,5050,,,68.3*1000,,,,,1160,,71.7*1000,,,,,,,,,19.7*1000,,,,,,,
1962,,,,,,,,,,2890,,,2830,6820,,246*1000,,,,,,,,168*1000,,,,,,,1630,,,16.4*1000,17.6*1000,,,,27.1*1000,,,,,,,,,,1260,9780,,11.5*1000,75.1*1000,,20.1*1000,,,1230,,14.7*1000,,,15.4*1000,,20.6*1000,,,,,4400,,,912,,,14.8*1000,3830,208*1000,,1190,,,54,,22.4*1000,2200,1890,,,18.4*1000,,,,,19.6*1000,,,,5880,,,14.2*1000,2390,,,,39.8*1000,,,,,70.6*1000,,,,,,,,,2630,,,,,,,,,3170,770,40.6*1000,,,,172*1000,1860,25.2*1000,31.4*1000,,,,,5750,4340,,,,,8690,,,9630,,,,5160,,,,,,,,,1390,,,5260,,,68.6*1000,,,,,1150,,72.7*1000,,,,,,,,,20.3*1000,,,,22.1*1000,,,
1963,,,,,,,,,,2770,,7030,2680,6950,,247*1000,2900,,,,,,,171*1000,,,,,,,1600,,,16.8*1000,18.1*1000,,,,27.7*1000,,,,,,,,,,1210,9570,,11.8*1000,73*1000,,19.5*1000,,,1140,,14.3*1000,,,14.8*1000,,20.9*1000,,,,,4220,,12.1*1000,929,,,15.1*1000,3900,207*1000,,1170,,,52,,22.5*1000,2150,1960,,,18.6*1000,,,,,19.9*1000,,,,5970,,,13.4*1000,2430,,,,40.5*1000,,,,,73.9*1000,,,26.4*1000,,,,,,2690,,,,,,,,,3010,739,41.8*1000,,,,170*1000,1860,25.4*1000,32.7*1000,,,,,5610,4390,,,,,8670,,,9880,,,,5260,,,,,,,,,1310,,,5480,,,69*1000,,,,,1120,,73.6*1000,,,,,,,,,20.6*1000,,,,22.2*1000,,,
1964,,,,,,,,,,2660,,7270,2590,7060,,251*1000,2850,,,,,,,171*1000,,,,1060,,,1560,,,17.3*1000,18.5*1000,,,,27.9*1000,,,,,,,,,,1150,9410,,11.9*1000,72.1*1000,,18.9*1000,,,1040,,14*1000,,,14.2*1000,,21.2*1000,,,,,4170,,12.2*1000,921,,,15.3*1000,4080,208*1000,,1130,,,50,,22.5*1000,2080,2060,,,18.8*1000,,,,,20.1*1000,,,,6040,,,12.9*1000,2470,,83,,40.7*1000,,,,,77.6*1000,,,27*1000,,,,,,2740,,,,,,,,,2870,715,42.7*1000,,,,170*1000,1870,25.5*1000,33.6*1000,,,,,5430,4390,,,,,8780,,,10.1*1000,,,,5320,,,,,,,,,1250,,,5670,,4490,69.3*1000,,,,,1060,10.8*1000,74.2*1000,,,22.9*1000,,,,,,20.6*1000,,,,22.5*1000,,,6770
1965,,,,,,,,,,2560,,7490,2460,7160,,257*1000,2840,,,,,,12.6*1000,169*1000,,,,1060,,,1500,,,17.7*1000,18.8*1000,,,,27.9*1000,,,,,,,,,,1090,9220,,11.9*1000,72.4*1000,,18.6*1000,,,958,,13.4*1000,,,13.6*1000,,21.6*1000,,,,,4360,,12.3*1000,892,,,15.3*1000,4430,209*1000,,1050,,,48,,21.9*1000,2000,2110,,,19*1000,,,,,20.1*1000,,,,6040,,,12.7*1000,2490,,78,,40.2*1000,,,,,80.8*1000,,,27.2*1000,,,,,,2790,,,,,,,,,2730,706,42.9*1000,,,,171*1000,1860,25.3*1000,34.2*1000,,,,,5230,4350,,,,,8930,,,10.3*1000,,,,5350,,,,,,,,,1210,,,5810,,4590,69.6*1000,,,,,976,10.5*1000,74*1000,,,23.4*1000,,,,,,20.2*1000,,,,22.9*1000,,,6930
1966,,,,,,,,,,2460,,7630,2320,7260,,265*1000,2840,,,,,,12.4*1000,165*1000,,,,1060,,,1420,,,18.2*1000,18.8*1000,,,,27.9*1000,,,,,,,,,,1020,9010,,11.9*1000,73.5*1000,,18.3*1000,,,876,,12.6*1000,,,12.8*1000,,22*1000,,,,,4660,,12.2*1000,837,,,15.1*1000,4900,211*1000,,959,,,46,,20.7*1000,1920,2190,,,19.4*1000,,,,,19.9*1000,,,,6030,,,12.7*1000,2520,,73,,39.3*1000,,,,,83.7*1000,,,27.5*1000,,,,,,2840,,,,,,161*1000,,,2590,700,43.1*1000,,,,172*1000,1860,25*1000,34.6*1000,,,,,4950,4300,,,,,9230,,,10.5*1000,,,,5380,,,,,,,,,1180,,,5970,,4780,70*1000,,,,,866,10.1*1000,73.6*1000,,,23.7*1000,,,,,,19.6*1000,,,,23.6*1000,,,7050
1967,,,,,,,,,3160,2380,,7760,2160,7350,,274*1000,2810,,,,,166,12.1*1000,160*1000,165,,,1050,,,1300,9650,,18.8*1000,18.7*1000,,,,27.6*1000,,,1370,6480,,,,,,952,8790,,11.8*1000,75.1*1000,,17.9*1000,,,806,,11.8*1000,,,12*1000,,22.4*1000,,,,,4980,,12.2*1000,776,4960,,14.9*1000,5410,213*1000,,863,,,43,,19.6*1000,1820,2280,17.3*1000,,19.9*1000,,,,,19.5*1000,,,,6000,,,12.7*1000,2540,,67,,38*1000,,,,,86.2*1000,,,28*1000,,,,,,2890,,,,,,162*1000,4190,,2460,703,43.2*1000,,648,,173*1000,1840,24.6*1000,34.7*1000,,,,,4580,4240,,,,,9600,,,10.6*1000,711,,,5370,,,,,,,,,1150,,,6100,,4990,69.8*1000,,,,,759,9650,73.3*1000,,28.6*1000,23.9*1000,,,54.7*1000,,,18.8*1000,,,,24.2*1000,,,7190
1968,,,,,,,,,3200,2320,,7830,2010,7470,17.6*1000,281*1000,2750,,76,,,168,11.8*1000,154*1000,144,,,1040,,4670,1180,8760,,19.3*1000,18.6*1000,,,,27.1*1000,,,1330,5640,,,17.5*1000,,52,885,8620,45.5*1000,11.7*1000,76.8*1000,,17.1*1000,,,746,,10.9*1000,,,11.2*1000,,22.9*1000,,,,,5140,,12.1*1000,727,4970,,14.6*1000,5790,215*1000,1.76M,790,,20.6*1000,41,,18.8*1000,1730,2350,16.5*1000,,20.3*1000,,,,,18.9*1000,,,,5980,,,12.6*1000,2560,,62,,36.9*1000,,,9740,,88.5*1000,,,28.6*1000,,,,,,2950,642,16.5*1000,,930,13*1000,162*1000,4310,,2310,692,43.2*1000,,632,,176*1000,1830,24.1*1000,34.9*1000,,,10.3*1000,,4180,4170,,,10.1*1000,,10*1000,,20.4*1000,10.9*1000,666,,,5380,,,,,,,,,1120,,,6280,,5180,69*1000,,,,,675,9220,73*1000,,29.1*1000,24*1000,,,51.8*1000,,,17.9*1000,,,,24.5*1000,,7050,7330
1969,,,,,,13.3*1000,,,3210,2260,,7870,1880,7610,18.2*1000,285*1000,2700,,76,,,168,11.6*1000,151*1000,129,,,1040,,4270,1040,8390,,19.9*1000,18.4*1000,,,,26.3*1000,,,1290,4980,,,16*1000,,52,822,8500,45.5*1000,11.6*1000,77.9*1000,,16.1*1000,,,683,,10.1*1000,,,10.6*1000,,23.3*1000,,,,,5070,,12.1*1000,708,4960,,14.4*1000,6000,215*1000,1.76M,766,,20.3*1000,39,,18.4*1000,1650,2400,16*1000,,20.8*1000,,,,,17.9*1000,,,,5980,,,12.4*1000,2560,,57,,36*1000,,,10.1*1000,,90.6*1000,,,29.3*1000,74,,,,,3020,602,16.9*1000,,975,13.4*1000,164*1000,4420,,2180,674,43.4*1000,,627,,178*1000,1800,23.5*1000,35.1*1000,,,10.6*1000,,3860,4050,,,10.4*1000,,10.5*1000,,20.9*1000,11.2*1000,648,,,5410,,,,,,,,,1070,,,6420,,5330,67.2*1000,,,,,632,8910,73*1000,,29.5*1000,24.1*1000,,1250,49.4*1000,,,17.2*1000,,,,24.4*1000,,7220,7540
1970,,,,,,13.5*1000,,,3210,2140,,7890,1780,7710,18.5*1000,285*1000,2670,255,80,,,170,11.4*1000,149*1000,121,,,1030,4390,4050,937,8230,,20.3*1000,18.3*1000,,,,25.1*1000,,,1220,4660,,,14.4*1000,,48,759,8360,45.3*1000,11.4*1000,78.3*1000,,15.2*1000,,,626,,9770,,,9990,,23.6*1000,,,,,4720,,12.2*1000,735,4910,,14.1*1000,6000,214*1000,1.77M,779,,19.8*1000,38,,17.9*1000,1570,2490,15.6*1000,,21.2*1000,,,,,16.8*1000,,,,5950,,,12*1000,2560,,51,,35.3*1000,,,10.4*1000,,93.3*1000,,,29.8*1000,75,,,,,3090,584,17*1000,,1030,14*1000,165*1000,4520,,2000,636,43.5*1000,,628,1790,179*1000,1770,22.9*1000,35.6*1000,,,10.6*1000,,3600,3900,,,9610,,10.9*1000,,21.4*1000,11.4*1000,648,,,5460,,,,,,,,,1010,,,6560,,5520,64.4*1000,,,,,637,8740,73.3*1000,,29.7*1000,24.2*1000,,1340,47.2*1000,,74,16.5*1000,,,,24.1*1000,,7340,7850
1971,,,,,,13.8*1000,,,3210,1990,,7880,1730,7830,18.9*1000,281*1000,2660,234,88,,,172,11.4*1000,148*1000,118,,,1040,4420,3910,842,7870,,20.5*1000,18.3*1000,,,,23.7*1000,,,1130,4490,,,12.3*1000,,41,700,8220,45.3*1000,11.2*1000,77.8*1000,,14.5*1000,,,561,,9500,,,9420,,23.9*1000,,,,,4230,,12.2*1000,786,4830,,13.8*1000,5820,211*1000,1.78M,828,,19.1*1000,38,,17.2*1000,1480,2550,15.6*1000,8870,21.6*1000,,,,,15.5*1000,,,,5950,4230,72,11.4*1000,2550,,46,,34.9*1000,,,10.8*1000,,95.7*1000,,,30.3*1000,79,,,,,3180,574,17.1*1000,,1100,14.7*1000,167*1000,4620,,1850,582,43.8*1000,,627,1770,181*1000,1730,22.3*1000,36*1000,,,10.4*1000,,3500,3720,,,8450,,11.4*1000,,22*1000,11.6*1000,650,,,5500,,,,,,,,,950,,,6730,,5670,61.2*1000,,,,,680,8670,73.7*1000,,30.1*1000,24.3*1000,,1440,45.2*1000,,74,15.9*1000,,,,23.5*1000,,7450,8200
1972,,,,,,14*1000,,,3160,1780,,7890,1680,7970,19.2*1000,277*1000,2660,216,97,,,172,11.3*1000,148*1000,117,,,1040,4450,3830,752,7150,,20.7*1000,18.4*1000,,,,22.3*1000,850,,1050,4380,,,10.1*1000,,34,643,8080,45.1*1000,10.9*1000,77.2*1000,,14*1000,,,511,,9250,,,8740,,24*1000,,,,,3720,,12.2*1000,847,4760,,13.5*1000,5510,208*1000,1.8M,891,,18.4*1000,37,,16.4*1000,1420,2590,15.5*1000,9490,22.1*1000,,,,,14.1*1000,,,2660,5970,4170,64,10.8*1000,2540,,41,,34.6*1000,,,11.3*1000,,97.4*1000,,,30.7*1000,84,,,,,3260,567,17.1*1000,,1170,15.3*1000,169*1000,4680,,1680,524,44*1000,,625,1770,184*1000,1700,21.8*1000,36.5*1000,,,10.2*1000,,3630,3540,,,7170,,12*1000,,22.5*1000,11.8*1000,633,,,5550,,,,,,,,,864,,,6910,11.1*1000,5770,57.6*1000,,,,,736,8660,74.2*1000,,30.7*1000,24.6*1000,,1520,43*1000,,73,15.3*1000,,,,23*1000,,7540,8620
1973,,,,,,14.3*1000,,,3030,1550,,7960,1590,8090,19.3*1000,275*1000,2650,203,104,,,171,11.3*1000,148*1000,116,,,1060,4490,3670,675,6450,,20.8*1000,18.7*1000,,,,21.2*1000,873,,996,4230,,,8150,,27,584,7920,44.8*1000,10.7*1000,76.9*1000,,13.5*1000,,,467,,8550,,,8200,,24*1000,,,,,3310,,12.2*1000,898,4690,,13.3*1000,5190,204*1000,1.81M,939,,17.9*1000,36,,15.2*1000,1370,2590,14.9*1000,9990,22.5*1000,,,,35,12.3*1000,,,2680,6000,4070,57,10.2*1000,2520,,37,,34.5*1000,,,11.9*1000,,97.4*1000,,,30.9*1000,88,,,,,3350,559,17.1*1000,,1230,16*1000,171*1000,4720,,1540,461,44.3*1000,,605,1790,188*1000,1660,21.5*1000,37.4*1000,,5330,10.1*1000,,3790,3420,,,6050,,12.7*1000,,23.1*1000,12*1000,585,,,5580,,,,,,,,,788,,,7100,11.5*1000,5840,54.2*1000,,,,,788,8610,74.4*1000,,31.4*1000,25.2*1000,,1560,40.9*1000,,72,14.8*1000,46.9*1000,,,22.8*1000,,7660,9070
1974,,,,,,14.6*1000,,,2790,1340,,8140,1480,8190,19.3*1000,277*1000,2610,197,108,,,168,11.3*1000,148*1000,111,,,1080,4530,3500,605,5960,,20.8*1000,19.2*1000,,,,20.5*1000,905,283,971,3930,,,6960,,23,530,7740,44.1*1000,10.4*1000,77.3*1000,,12.9*1000,,,436,,7440,,,7660,,23.8*1000,,,,,3060,,12.1*1000,933,4670,,13.3*1000,4910,201*1000,1.81M,941,,17.6*1000,33,1300,13.6*1000,1340,2550,14.2*1000,10.3*1000,22.9*1000,,,,35,10.2*1000,,,2680,6050,4010,52,9760,2490,,34,,34.5*1000,,,12.5*1000,,95.2*1000,,,31.3*1000,89,,,,,3410,547,17.1*1000,,1280,16.5*1000,173*1000,4730,,1400,409,44.8*1000,,564,1830,194*1000,1620,21.4*1000,38.1*1000,,5310,9950,,3820,3340,,,5380,,13.4*1000,,23.8*1000,12.2*1000,523,,,5560,,,,,,,,,713,,,7310,11.9*1000,5900,50.8*1000,,,,,816,8540,74*1000,,32.3*1000,25.9*1000,,1550,39.3*1000,,71,14.4*1000,46.6*1000,,,22.9*1000,27.3*1000,7870,9490
1975,,,,,,15*1000,,,2450,1150,,8290,1350,8290,19.3*1000,283*1000,2560,195,106,,,163,11.3*1000,146*1000,102,,,1100,4560,3300,537,5650,,20.9*1000,19.7*1000,,,,20.5*1000,939,274,962,3420,,,6370,,22,468,7530,43.2*1000,10.1*1000,78.7*1000,,11.8*1000,,,419,,6370,,,7110,,23.6*1000,13.3*1000,,,,2980,,12.1*1000,939,4690,,13.2*1000,4730,197*1000,1.8M,880,,17.6*1000,31,1220,12.2*1000,1310,2470,12.8*1000,10.2*1000,23.3*1000,,17.5*1000,,34,8410,,,2660,6070,3920,49,9510,2450,,33,,34.6*1000,,,13.1*1000,,90.6*1000,,,31.4*1000,87,,,,,3460,527,17.1*1000,,1310,16.6*1000,174*1000,4700,,1260,362,45.1*1000,,511,1870,200*1000,1580,21.5*1000,39*1000,,5140,9920,,3610,3300,,,5270,,14.1*1000,,24.4*1000,12.2*1000,454,,,5510,,,,,,,,,640,,,7550,12.2*1000,5910,48.1*1000,,,,,811,8410,73.2*1000,,33.4*1000,26.8*1000,,1470,37*1000,,68,14*1000,45.8*1000,,,23.1*1000,27.2*1000,8150,9810
1976,,,,,,15.4*1000,2060,,2110,1000,,8530,1210,8380,19.2*1000,291*1000,2470,198,101,,,156,11.2*1000,144*1000,91,,,1130,4620,3140,482,5250,,21.1*1000,20.2*1000,,,,20.8*1000,978,266,948,2800,,,6050,,21,420,7300,42.2*1000,9770,80.9*1000,4360,10.7*1000,,105*1000,415,,5480,,,6560,2860,23.3*1000,13.6*1000,,,,3030,,12*1000,928,4760,,13.3*1000,4560,194*1000,1.79M,788,,17.8*1000,28,1130,10.8*1000,1290,2370,11.1*1000,9930,23.7*1000,,14.2*1000,,34,6860,,,2620,6110,3850,48,9300,2400,,32,,34.8*1000,,,13.8*1000,,84.9*1000,,,31.4*1000,83,,,,,3490,501,17.1*1000,,1320,16.8*1000,175*1000,4630,,1170,319,45.5*1000,,449,1920,207*1000,1530,21.8*1000,40*1000,,4890,9750,,3290,3290,,,5520,,14.8*1000,,25.2*1000,12.2*1000,395,,,5450,,,,,,,,,578,,,7850,12.4*1000,5910,45.5*1000,,,,,786,8270,71.9*1000,,34.6*1000,28*1000,,1360,35*1000,,64,13.7*1000,45*1000,,,23.6*1000,26.9*1000,8510,10*1000
1977,,,,,397,15.4*1000,1990,,1790,900,,8810,1080,8510,19.2*1000,301*1000,2350,205,94,,,149,11.2*1000,143*1000,79,,,1160,4690,2940,441,4820,,21.2*1000,20.6*1000,,,,21.3*1000,1020,263,878,2230,,,5790,,22,372,7030,41.2*1000,9510,83.1*1000,4390,9750,,107*1000,410,,4770,,,5940,2690,23.1*1000,14*1000,,,,3100,,11.9*1000,903,4820,,13.4*1000,4420,191*1000,1.77M,680,,18.1*1000,26,1040,9570,1270,2270,9210,9570,24*1000,,11.2*1000,,33,5650,,,2560,6120,3770,49,9150,2340,,31,,35.1*1000,,,14.4*1000,,78.6*1000,,,31.1*1000,79,,,,,3520,474,17.3*1000,,1320,16.9*1000,175*1000,4540,,1080,286,45.9*1000,,381,1970,214*1000,1490,22.2*1000,41.1*1000,,4610,9570,,2950,3270,,,5970,,15.3*1000,,26*1000,12.2*1000,350,,,5370,,,,,,,,,520,,,8130,12.6*1000,5920,43.4*1000,,,,,752,8110,70.3*1000,,35.7*1000,29.2*1000,,1250,32.6*1000,,60,13.3*1000,43.9*1000,,,24.2*1000,26.5*1000,8880,10.2*1000
1978,,,1620,,425,14.7*1000,1930,,1550,831,,9070,974,8640,19.3*1000,309*1000,2220,212,88,,,145,11.1*1000,140*1000,70,,,1180,4770,2670,407,4450,,21.4*1000,20.9*1000,,,,21.5*1000,1040,263,846,1810,,,5430,977,23,332,6770,39.8*1000,9250,85.1*1000,4420,8900,,109*1000,396,,4190,,,5470,2540,23.1*1000,14.6*1000,,,,3120,,11.9*1000,870,4890,,13.5*1000,4260,189*1000,1.75M,580,,18.4*1000,24,967,8360,1270,2230,7610,9200,24.5*1000,3170,9310,,32,4760,,,2480,6190,3670,50,8860,2300,,30,,35.4*1000,,,15*1000,,72.6*1000,,,30.8*1000,74,,,,,3560,450,17.4*1000,,1320,17.1*1000,176*1000,4460,,1030,259,46.1*1000,,328,2000,220*1000,1450,22.5*1000,41.9*1000,,4390,9440,,2660,3250,,,6300,,15.6*1000,,26.7*1000,12.2*1000,320,,,5260,,,,,,,,,478,,,8340,12.8*1000,5960,41.2*1000,,,,,725,7970,68.8*1000,,36.7*1000,30.4*1000,,1140,30.3*1000,,56,12.8*1000,43.2*1000,,,24.8*1000,26.1*1000,9240,10.3*1000
1979,,,1530,,433,13.7*1000,1900,,1410,784,,9310,889,8810,19.5*1000,312*1000,2070,214,88,,,143,11.1*1000,138*1000,65,,,1200,4880,2430,386,4020,,21.7*1000,21.2*1000,,,,21.5*1000,1060,267,832,1580,,,5070,985,23,306,6510,38.2*1000,9030,86.2*1000,4430,8010,,112*1000,370,,3780,,,5050,2440,23.3*1000,15.3*1000,,,,3040,,11.8*1000,839,4910,,13.5*1000,3940,186*1000,1.74M,509,,18.4*1000,22,904,7350,1290,2230,6480,8950,25.1*1000,3100,9100,,30,4110,,,2410,6270,3590,50,8390,2250,,29,346,35.6*1000,,,15.4*1000,,68.2*1000,,,30.2*1000,69,,,,35.9*1000,3610,435,17.4*1000,,1330,17.4*1000,176*1000,4370,,981,237,46.2*1000,,290,1990,226*1000,1410,22.7*1000,42.4*1000,,4270,9440,,2380,3210,,,6360,,15.6*1000,,27.4*1000,12.3*1000,294,,,5090,,,,,,,,,452,,,8480,13*1000,6050,39.1*1000,,,,,712,7830,67.1*1000,,37.7*1000,31.3*1000,,1030,29.1*1000,,53,12.1*1000,42.9*1000,,,25.3*1000,25.7*1000,9510,10.3*1000
1980,,,1450,,440,12.4*1000,1920,,1370,749,,9410,838,8930,19.6*1000,308*1000,1920,219,93,,,145,11*1000,135*1000,63,,,1220,5010,2280,370,3500,,21.9*1000,21.5*1000,,,,20.9*1000,1060,273,838,1530,,,4660,965,22,281,6340,35.9*1000,8840,86*1000,4440,7080,,114*1000,346,,3620,,,4820,2410,23.3*1000,15.7*1000,,,,2860,,11.7*1000,815,4850,,13.5*1000,3420,183*1000,1.74M,456,,18.4*1000,21,844,6540,1330,2290,5990,8930,25.6*1000,3130,10.4*1000,,29,3840,,,2320,6380,3490,50,7900,2210,441,28,351,35.6*1000,,,15.5*1000,,65.6*1000,,,29.4*1000,65,,,,36.8*1000,3670,427,17.2*1000,,1330,17.7*1000,176*1000,4320,,944,229,46*1000,,271,1950,230*1000,1380,22.4*1000,42.6*1000,,4260,9610,,2130,3170,,,6060,,15.3*1000,,28.2*1000,12.3*1000,286,,,4900,,,,,,,,,433,,,8560,13.1*1000,6110,36.8*1000,,,,,727,7630,65.3*1000,,38.6*1000,31.7*1000,,934,28.1*1000,,50,11.3*1000,42.9*1000,,,25.4*1000,25.4*1000,9770,10.2*1000
1981,,,1380,,433,11.3*1000,1970,,1400,735,,9510,794,9070,19.6*1000,301*1000,1770,221,102,,,149,11*1000,131*1000,64,,,1230,5170,2150,366,3070,,22.1*1000,21.8*1000,,2370,,20*1000,1060,283,850,1590,,2040,4230,894,20,258,6200,33.2*1000,8650,84.9*1000,4480,6130,,117*1000,315,,3770,,947,4700,2410,23.6*1000,16.1*1000,,,,2620,,11.7*1000,795,4770,848,13.6*1000,2800,179*1000,1.75M,424,,18.2*1000,20,796,6060,1380,2390,5790,8980,26.1*1000,3170,12.8*1000,,27,3650,,,2250,6520,3380,49,7410,2180,448,26,369,35.5*1000,,1770,15.5*1000,,63.9*1000,,852,28.8*1000,59,,,,37.5*1000,3720,415,17*1000,,1330,18*1000,178*1000,4290,,930,231,45.7*1000,,265,1890,233*1000,1350,21.9*1000,42.6*1000,,4350,9720,,1930,3140,,,5530,,14.9*1000,,28.8*1000,12.3*1000,289,,,4670,,,,,,,1630,308,419,,,8550,13.3*1000,6230,34.7*1000,,,,,753,7430,63.5*1000,,39.5*1000,31.8*1000,,852,27.9*1000,,48,10.5*1000,43.4*1000,,,25.4*1000,25*1000,10*1000,10.2*1000
1982,,,1310,,421,10.5*1000,2030,,1440,709,6370,9590,765,9210,19.6*1000,291*1000,1620,224,111,,,153,10.9*1000,127*1000,67,,,1230,5360,2050,356,2770,,22.3*1000,21.9*1000,,2360,,19.1*1000,1050,293,870,1710,,1740,3830,817,19,243,6090,30.3*1000,8470,83*1000,4500,5240,,120*1000,295,,3890,,963,4570,2440,24*1000,16.4*1000,,,,2380,,11.5*1000,775,4660,846,13.6*1000,2210,175*1000,1.75M,408,,18*1000,20,753,5710,1450,2490,5570,9140,26.7*1000,3260,15.6*1000,,26,3540,,,2160,6590,3280,47,7070,2170,464,25,385,35.1*1000,,1820,15.5*1000,,63.1*1000,,835,28.2*1000,54,,,,37.9*1000,3750,386,17*1000,,1330,18.5*1000,178*1000,4230,,936,234,45.4*1000,,264,1810,235*1000,1310,21.3*1000,42.5*1000,,4480,9690,,1760,3140,,,4990,,14.6*1000,,29.4*1000,12.3*1000,300,,,4440,,12.7*1000,,,,,1500,280,409,756,,8530,13.5*1000,6370,32.5*1000,,,,,777,7220,61.5*1000,,40.2*1000,31.8*1000,,790,27.3*1000,22.9*1000,46,9740,44.2*1000,,,25.4*1000,24.8*1000,10.3*1000,10.1*1000
1983,,,1270,,409,10.1*1000,2080,,1500,682,6510,9690,734,9390,19.6*1000,281*1000,1480,226,118,,,156,10.8*1000,122*1000,69,,,1230,5550,2000,350,2630,,22.5*1000,21.9*1000,58.6*1000,2350,,18.2*1000,1030,301,873,1820,,1510,3450,778,17,238,5970,27.4*1000,8280,80.5*1000,4560,4520,,123*1000,274,,3950,,979,4480,2470,24.2*1000,16.7*1000,,,,2140,,11.4*1000,753,4550,832,13.5*1000,1780,170*1000,1.75M,387,,17.8*1000,19,722,5330,1480,2570,5540,9310,27.2*1000,3360,18*1000,,24,3420,,,2060,6560,3200,46,6850,2160,496,24,400,34.3*1000,,1850,15.6*1000,,62.3*1000,,819,28.1*1000,49,,,,38*1000,3770,362,17.5*1000,,1340,19.1*1000,180*1000,4160,,920,244,45.1*1000,,268,1720,235*1000,1290,20.6*1000,42.3*1000,,4580,9470,,1660,3170,,,4540,,14.4*1000,,30*1000,12.3*1000,308,,,4230,,12.4*1000,,,97,,1380,254,411,761,,8520,13.7*1000,6530,30.8*1000,,,,,788,7020,59.4*1000,,40.6*1000,31.7*1000,11.4*1000,750,26.6*1000,23.1*1000,45,9020,45*1000,,,25.2*1000,24.6*1000,10.7*1000,9950
1984,,,1230,,402,9890,2110,,1510,633,6670,9890,688,9570,19.3*1000,272*1000,1380,229,119,1350,,155,10.6*1000,116*1000,69,,,1220,5690,1940,348,2570,,22.8*1000,21.6*1000,60.2*1000,2360,,17.6*1000,1010,309,862,1880,,1390,3130,806,15,240,5820,24.7*1000,8120,77.7*1000,4630,3950,,125*1000,258,,3900,,998,4340,2480,24.3*1000,16.8*1000,,,,1890,49,11.1*1000,731,4450,791,13.2*1000,1540,166*1000,1.73M,359,,17.6*1000,19,712,5000,1490,2570,5190,9390,27.5*1000,3420,19.4*1000,,23,3190,674,,1940,6380,3130,45,6550,2140,511,23,413,33.3*1000,,1850,16.1*1000,,61.4*1000,,800,28.2*1000,46,,,,37.8*1000,3760,358,18.4*1000,,1350,19.7*1000,182*1000,4060,,918,246,44.8*1000,,268,1620,236*1000,1270,20*1000,42.2*1000,,4600,9080,,1530,3180,,,4380,,14.4*1000,,30.4*1000,12.4*1000,305,,8470,4040,,12.3*1000,,,93,,1290,228,407,769,25,8390,14.1*1000,6620,29*1000,6700,,,,770,6840,57.2*1000,,41.1*1000,31.6*1000,10.9*1000,728,26.2*1000,23.1*1000,44,8420,45.9*1000,,,25.3*1000,24.3*1000,11.1*1000,9790
1985,,,1210,,396,10.2*1000,2120,,1470,568,6850,10.1*1000,661,9730,18.9*1000,264*1000,1320,230,113,1220,,151,10.4*1000,111*1000,67,,,1220,5830,1830,339,2590,,23.3*1000,21.2*1000,60.9*1000,2370,,17*1000,982,312,832,1850,,1360,2850,895,14,250,5660,22.5*1000,7950,75.2*1000,4700,3580,,127*1000,252,,3630,,1020,4200,2480,24.3*1000,16.5*1000,,,,1660,50,10.8*1000,707,4360,720,12.7*1000,1520,160*1000,1.7M,324,,17.7*1000,18,704,4660,1460,2510,4640,9440,27.6*1000,3480,19.1*1000,,21,2740,638,,1800,6240,3080,45,6220,2130,501,22,416,31.7*1000,,1830,17*1000,,60*1000,,773,28.5*1000,46,,,2270,37.3*1000,3740,364,19.2*1000,,1370,20.1*1000,185*1000,3940,,907,252,44.4*1000,,264,1540,241*1000,1240,19.6*1000,42.2*1000,,4590,8520,,1380,3190,,,4520,,14.6*1000,,30.8*1000,12.4*1000,292,,8710,3900,,12.4*1000,,,97,,1220,205,414,778,24,8270,14.3*1000,6710,27.4*1000,6930,,2010,,714,6700,54.8*1000,,41.5*1000,31.5*1000,10.2*1000,722,25.3*1000,23.1*1000,42,7960,46.4*1000,,,25.4*1000,23.9*1000,11.6*1000,9570
1986,,,1210,,393,10.7*1000,2110,,1400,496,7040,10.4*1000,631,9870,18.4*1000,257*1000,1310,231,102,1080,,143,10.2*1000,104*1000,63,,,1220,5910,1770,334,2660,,23.7*1000,20.9*1000,62*1000,2400,,16.6*1000,951,311,794,1750,,1400,2770,1040,12,265,5470,20.9*1000,7810,73.1*1000,4730,3340,,129*1000,242,,3440,,1040,3950,2470,24.2*1000,16.3*1000,,3000,,1440,49,10.5*1000,685,4250,635,11.9*1000,1620,154*1000,1.66M,292,,17.7*1000,17,690,4380,1390,2410,4150,9490,27.5*1000,3510,18*1000,,19,2390,602,,1660,5990,3050,45,5820,2130,480,22,428,29.9*1000,,1800,18.3*1000,,58.2*1000,,737,28.7*1000,46,,,2340,36.4*1000,3720,355,20.3*1000,,1390,20.6*1000,188*1000,3800,,910,251,43.8*1000,,263,1450,251*1000,1220,19.4*1000,41.9*1000,,4520,7830,,1210,3200,,,4880,,14.9*1000,,30.9*1000,12.4*1000,262,,8970,3790,,12.5*1000,,17.7*1000,106,,1170,184,423,789,22,8080,14.6*1000,6780,26*1000,7070,,1880,,644,6580,52.3*1000,,41.8*1000,31.4*1000,9390,726,24.7*1000,23*1000,39,7570,46.8*1000,,,25.6*1000,23.3*1000,12.2*1000,9260
1987,,,1190,,392,11.2*1000,2100,,1310,435,7230,10.8*1000,589,10*1000,18.1*1000,250*1000,1320,231,90,946,,135,10.1*1000,97.4*1000,57,,,1210,5970,1730,319,2720,,24.2*1000,20.8*1000,63.3*1000,2440,,16.3*1000,922,308,756,1620,,1480,2710,1200,11,278,5290,19.7*1000,7680,71*1000,4690,3250,382,131*1000,235,,3130,,1060,3750,2450,24*1000,16.2*1000,,2970,,1250,46,10*1000,664,4140,555,11*1000,1810,148*1000,1.62M,264,,17.8*1000,16,668,4150,1310,2300,3750,9450,27.3*1000,3520,16.3*1000,,18,1960,548,9660,1520,5710,3010,45,5380,2130,478,21,446,28*1000,,1760,19.6*1000,,55.9*1000,,688,28.6*1000,47,,,2390,35.5*1000,3700,327,21.3*1000,,1430,21.1*1000,191*1000,3660,,891,249,43*1000,,260,1360,262*1000,1190,19.2*1000,41.5*1000,,4410,7100,,1040,3200,2010,,5270,,15.1*1000,,31.2*1000,12.5*1000,230,,9240,3710,,12.8*1000,,18*1000,118,,1130,166,431,804,20,7830,14.9*1000,6830,24.8*1000,7190,3720,1710,,564,6440,49.5*1000,,42.1*1000,31.5*1000,8590,733,23.7*1000,22.9*1000,37,7400,47*1000,,,25.9*1000,22.8*1000,12.8*1000,8930
1988,,,1160,,386,11.5*1000,1960,,1200,392,7350,11.1*1000,561,10.1*1000,18*1000,243*1000,1340,229,79,822,,127,9910,91*1000,51,,,1200,6010,1710,300,2660,,24.9*1000,20.9*1000,64.5*1000,2490,,16*1000,894,306,740,1440,,1550,2800,1320,11,284,5160,18.9*1000,7560,68.2*1000,4570,3120,361,133*1000,237,,2840,,1080,3540,2400,23.7*1000,16.3*1000,,2950,,1090,43,9740,646,4050,482,10.3*1000,1980,143*1000,1.57M,245,,17.8*1000,15,656,3930,1240,2240,3260,9310,27.2*1000,3480,14.7*1000,,17,1680,485,9790,1400,5400,2950,46,4990,2140,499,21,485,26.4*1000,,1690,20.7*1000,,53.5*1000,,634,28.5*1000,48,,,2410,35.2*1000,3690,299,21.7*1000,,1450,21.6*1000,196*1000,3520,,891,240,42.2*1000,,257,1270,272*1000,1160,18.9*1000,41*1000,,4380,6400,,899,3150,2050,,5460,,14.7*1000,,31.7*1000,12.7*1000,204,,9340,3640,,12.9*1000,,18.1*1000,129,,1100,150,424,817,19,7580,15.2*1000,6840,23.4*1000,7220,3850,1570,,494,6280,47.1*1000,,42.5*1000,31.6*1000,7890,733,23*1000,22.7*1000,36,7450,46.8*1000,,,26.3*1000,22.4*1000,13.2*1000,8550
1989,29.7*1000,32.6*1000,1120,2,379,11.5*1000,1820,16,1130,364,7430,11.4*1000,537,10.3*1000,18.2*1000,234*1000,1350,222,72,723,1370,120,9810,85.5*1000,46,46,920,1190,6060,1680,294,2520,928*1000,25.5*1000,21.1*1000,66.5*1000,2550,7,15.8*1000,864,305,729,1270,78,1530,2870,1370,11,292,5070,18.4*1000,7380,64.7*1000,4380,3010,331,135*1000,236,344,2590,81,1100,3430,2310,23.5*1000,16.8*1000,2100,2950,885,986,39,9520,630,3930,441,9650,2060,138*1000,1.54M,227,49.6*1000,17.9*1000,15,643,3660,1200,2240,2980,8980,26.9*1000,3450,13.7*1000,95,16,1510,419,9820,1320,5110,2810,45,4810,2170,546,21,522,25.2*1000,1,1600,21.5*1000,387,51*1000,40,587,28.5*1000,47,49.9*1000,106,2350,35.6*1000,3690,285,21.4*1000,4480,1460,22.1*1000,201*1000,3400,0,874,237,41.3*1000,5,253,1190,281*1000,1130,18.5*1000,40.1*1000,6,4380,5810,7580,790,3120,2080,107,5360,31.3*1000,13.7*1000,12.6*1000,32.5*1000,12.8*1000,186,190,9270,3580,2,13*1000,2590,17.8*1000,136,254,1050,133,423,819,18,7370,15.5*1000,6830,22.1*1000,7140,3980,1510,26,442,6070,44.7*1000,8,43*1000,31.5*1000,7410,729,22.4*1000,22.4*1000,34,7660,46.5*1000,81,83,26.7*1000,21.8*1000,13.4*1000,8250
1990,30.5*1000,33.5*1000,1080,2,363,11.3*1000,1680,15,1090,358,7400,11.5*1000,517,10.3*1000,18.5*1000,224*1000,1310,208,71,652,1260,115,9630,80.8*1000,43,46,875,1180,6070,1670,293,2320,863*1000,26.3*1000,21.4*1000,68.6*1000,2620,7,15.6*1000,840,300,722,1150,77,1430,2880,1370,13,287,5040,17.9*1000,7170,60.1*1000,4200,2830,294,137*1000,231,335,2400,81,1110,3340,2230,23.4*1000,17.2*1000,2140,2960,877,922,34,9430,603,3870,416,9260,1950,134*1000,1.5M,216,45.5*1000,17.9*1000,15,607,3450,1170,2280,2910,8460,26.6*1000,3420,13.4*1000,93,15,1470,376,9850,1250,4730,2630,45,4800,2200,614,20,548,24.5*1000,1,1520,21.6*1000,367,48.1*1000,39,546,28.4*1000,45,48.6*1000,99,2240,35.9*1000,3710,289,21*1000,4310,1460,22.3*1000,206*1000,3280,0,860,228,40.2*1000,5,248,1090,287*1000,1110,17.9*1000,39.2*1000,6,4470,5470,8270,719,3060,2130,99,4900,28.2*1000,12.2*1000,11.8*1000,33.5*1000,13*1000,175,188,9290,3480,2,12.8*1000,2310,17.2*1000,137,247,986,118,418,822,17,7110,15.8*1000,6780,20.9*1000,7030,4090,1540,25,409,5770,42.5*1000,7,43.3*1000,31.6*1000,7060,717,21.7*1000,21.7*1000,33,7940,45.9*1000,80,82,27.1*1000,21.1*1000,13.4*1000,8060
1991,32.3*1000,34.7*1000,1010,2,344,11*1000,1500,14,1060,363,7300,11.5*1000,500,10.4*1000,18.8*1000,215*1000,1210,188,72,581,1170,111,9490,77*1000,40,45,810,1170,6080,1660,288,2090,752*1000,27.1*1000,21.8*1000,71.1*1000,2710,7,15.4*1000,819,294,721,1040,76,1260,2770,1310,15,287,5040,17.6*1000,6930,55.1*1000,3990,2670,244,138*1000,234,330,2240,84,1130,3330,2120,23.4*1000,17.9*1000,2150,3000,871,889,29,9460,578,3810,384,9050,1740,132*1000,1.47M,211,41.2*1000,17.9*1000,14,572,3140,1160,2370,2770,7770,26.4*1000,3320,13.7*1000,90,14,1560,329,9820,1210,4410,2390,44,4820,2240,653,20,525,24.2*1000,1,1430,21.5*1000,346,45.4*1000,38,513,28.5*1000,42,47.7*1000,95,2050,37*1000,3740,307,20.1*1000,4210,1440,22.6*1000,212*1000,3180,0,848,218,39.2*1000,5,237,986,290*1000,1080,17.1*1000,38.4*1000,6,4600,5380,9610,660,3010,2170,92,4160,24.4*1000,10*1000,11.1*1000,34.7*1000,13.2*1000,172,187,9120,3360,2,12.7*1000,2090,16.4*1000,136,242,916,103,397,811,17,6880,16.1*1000,6750,19.7*1000,6850,4140,1620,25,394,5420,40.4*1000,7,43.8*1000,31.7*1000,6900,697,21.1*1000,21*1000,33,8140,45.3*1000,79,81,27.7*1000,20.3*1000,13.3*1000,7930
1992,34.4*1000,35.8*1000,931,2,325,10.7*1000,1300,14,1030,370,7120,11.4*1000,495,10.6*1000,19.2*1000,205*1000,1080,166,75,508,1080,108,9370,73.7*1000,39,45,732,1160,6110,1650,291,1940,619*1000,28.1*1000,22.1*1000,73.7*1000,2820,6,15.1*1000,808,288,719,923,74,1060,2510,1210,17,282,5070,17.1*1000,6710,49.9*1000,3760,2470,192,138*1000,230,329,2170,88,1140,3250,1980,23.5*1000,18.8*1000,2160,3040,862,886,24,9550,556,3790,348,8960,1460,130*1000,1.45M,210,37.1*1000,17.9*1000,14,536,2940,1160,2480,2670,7020,26.1*1000,3200,14.3*1000,86,14,1580,288,9750,1180,4170,2180,43,4820,2280,624,19,467,24.1*1000,1,1330,21.2*1000,324,42.6*1000,36,476,29*1000,38,47.1*1000,94,1840,38.3*1000,3790,333,19*1000,4100,1410,22.9*1000,218*1000,3090,0,835,207,38.2*1000,5,225,888,290*1000,1060,16.2*1000,37.6*1000,7,4780,5440,11.4*1000,617,2950,2200,86,3360,20.6*1000,7730,10.5*1000,36.1*1000,13.5*1000,165,186,8880,3230,1,12.5*1000,1920,15.5*1000,132,239,840,90,371,793,16,6580,16.4*1000,6700,18.5*1000,6590,4140,1710,26,391,5040,38.5*1000,7,44.3*1000,32.1*1000,6780,664,20.5*1000,20.1*1000,33,8060,43.9*1000,78,80,28.3*1000,19.8*1000,13.1*1000,7880
1993,36.3*1000,36.9*1000,867,2,304,10.2*1000,1120,14,1020,358,6850,11.3*1000,474,10.7*1000,19.6*1000,195*1000,951,143,76,448,994,106,9260,71.2*1000,37,44,666,1150,6160,1650,300,1800,497*1000,29*1000,22.5*1000,75.9*1000,2950,6,14.7*1000,802,284,708,845,71,874,2360,1100,19,276,5120,16.5*1000,6500,45.4*1000,3560,2260,148,139*1000,222,327,2180,90,1150,3170,1830,23.5*1000,19.5*1000,2180,3060,851,871,20,9560,538,3770,314,8890,1220,127*1000,1.42M,212,33.6*1000,18.1*1000,13,502,2750,1150,2560,2580,6270,26.1*1000,3070,14.8*1000,83,14,1630,264,9570,1140,4140,1980,41,4720,2310,512,19,393,23.7*1000,1,1250,20.9*1000,303,40.1*1000,36,438,29.5*1000,34,46.7*1000,93,1630,39.4*1000,3870,359,18.3*1000,4030,1380,23.1*1000,223*1000,2990,0,820,196,37.1*1000,5,213,792,287*1000,1050,15.2*1000,37.1*1000,7,4940,5400,13.1*1000,582,2900,2220,83,2650,17.3*1000,6380,9810,37.2*1000,13.7*1000,156,187,8690,3080,1,12.6*1000,1750,15*1000,128,235,763,80,350,775,16,6420,16.8*1000,6640,17.4*1000,6330,4060,1780,26,389,4670,36.7*1000,6,44.5*1000,32.8*1000,6700,630,20.2*1000,19.1*1000,32,7770,41.8*1000,78,78,28.6*1000,19.4*1000,13.2*1000,7880
1994,37.5*1000,38*1000,804,2,290,9540,974,14,978,343,6510,11.2*1000,461,10.8*1000,20*1000,186*1000,858,122,73,412,930,104,9090,69.5*1000,36,42,620,1140,6260,1640,295,1680,406*1000,30*1000,22.8*1000,77.7*1000,3110,5,14.3*1000,802,277,697,766,66,706,2250,1020,20,267,5130,15.8*1000,6260,42.1*1000,3420,2060,116,139*1000,214,322,2200,92,1150,3060,1680,23.5*1000,19.8*1000,2190,3060,852,848,18,9510,524,3750,289,8830,1030,122*1000,1.4M,214,30.9*1000,18.4*1000,13,492,2550,1140,2580,2600,5580,26.5*1000,2940,15*1000,81,13,1520,259,9260,1090,4320,1850,40,4530,2340,394,18,325,23*1000,1,1180,20.7*1000,279,37.9*1000,35,400,29.8*1000,32,46.1*1000,92,1480,39.8*1000,3960,378,17.9*1000,3940,1330,23.5*1000,229*1000,2880,0,802,189,35.9*1000,5,204,697,284*1000,1040,14.2*1000,36.7*1000,7,5100,4950,14.3*1000,541,2840,2210,81,2240,15.2*1000,5880,9130,37.9*1000,14*1000,153,187,8570,2910,1,13*1000,1530,15*1000,125,232,680,71,310,760,15,6350,17.3*1000,6620,16.4*1000,6070,3880,1780,26,385,4330,35.1*1000,6,44.6*1000,33.5*1000,6550,590,19.7*1000,18.3*1000,32,7410,38.6*1000,77,76,28.6*1000,19.1*1000,13.3*1000,7860
1995,39.2*1000,39.1*1000,746,2,283,8910,841,14,971,325,6050,11*1000,429,11*1000,20.4*1000,178*1000,810,103,68,387,896,102,8810,68.3*1000,34,40,579,1130,6410,1550,293,1640,355*1000,30.9*1000,22.9*1000,79.4*1000,3280,5,13.6*1000,810,271,687,709,60,568,2210,981,20,263,5120,14.9*1000,6080,40.2*1000,3270,1900,95,140*1000,194,315,2230,93,1160,2940,1540,23.4*1000,20.1*1000,2190,3040,858,816,17,9330,517,3730,279,8690,885,117*1000,1.37M,215,28.9*1000,18.8*1000,12,479,2400,1130,2620,2490,5070,27.6*1000,2780,14.7*1000,80,13,1390,252,8840,1010,4470,1780,38,4320,2360,312,17,274,21.9*1000,1,1140,20.7*1000,254,35.3*1000,36,354,29.8*1000,29,45.5*1000,90,1370,39.8*1000,4050,376,17.7*1000,3810,1290,23.7*1000,233*1000,2780,0,781,176,34.9*1000,5,201,633,281*1000,1050,13.1*1000,36.8*1000,6,5240,4280,14.7*1000,492,2810,2190,79,2220,14.6*1000,6520,8620,38.4*1000,14.3*1000,134,189,8350,2720,1,13.3*1000,1360,14.7*1000,124,227,599,67,265,750,15,6380,17.7*1000,6590,15.3*1000,5950,3650,1770,25,378,4050,33.7*1000,6,44.4*1000,34.1*1000,6250,540,19.1*1000,17.7*1000,32,7250,34.4*1000,77,73,28.2*1000,19.1*1000,13.7*1000,7940
1996,40.4*1000,40.1*1000,704,2,281,8380,732,15,929,287,5550,10.9*1000,406,11.1*1000,20.8*1000,172*1000,790,87,61,376,851,100,8480,67.1*1000,32,38,554,1130,6600,1440,286,1600,331*1000,31.8*1000,22.9*1000,80.5*1000,3470,5,12.9*1000,817,263,678,660,56,453,2210,961,18,250,5090,13.9*1000,5940,39.1*1000,3190,1730,84,141*1000,176,303,2190,93,1170,2820,1390,23.1*1000,19.9*1000,2210,2990,866,767,16,9120,514,3690,279,8540,784,112*1000,1.34M,221,27.5*1000,19.3*1000,11,477,2210,1110,2620,2390,4680,29*1000,2660,14*1000,80,13,1290,261,8360,927,4780,1770,37,4030,2360,261,16,237,20.5*1000,1,1110,20.8*1000,227,32.7*1000,37,318,29.6*1000,28,45*1000,87,1320,39*1000,4120,346,17.6*1000,3720,1250,24*1000,237*1000,2660,0,756,168,33.9*1000,5,196,566,281*1000,1070,12*1000,37*1000,5,5370,3530,14.3*1000,451,2780,2120,78,2480,15.3*1000,8810,8120,38.6*1000,14.5*1000,117,191,8250,2540,0,13.9*1000,1210,15*1000,125,223,527,65,226,743,14,6530,18*1000,6590,14.2*1000,5920,3360,1720,23,366,3800,32.5*1000,7,44.1*1000,34.6*1000,5810,503,18.4*1000,17.1*1000,31,7240,29.6*1000,77,69,27.3*1000,19.1*1000,14.2*1000,8000
1997,40.8*1000,40.8*1000,659,2,281,7950,650,15,909,265,5040,10.8*1000,370,11.2*1000,21.3*1000,166*1000,788,76,54,370,808,99,8160,66.1*1000,31,36,542,1130,6810,1330,276,1580,329*1000,32.5*1000,22.7*1000,80.8*1000,3650,4,12.2*1000,829,250,659,632,50,359,2300,955,16,243,5030,13*1000,5800,38.6*1000,3160,1590,80,141*1000,158,291,2150,91,1180,2760,1250,23*1000,19.3*1000,2230,2940,884,703,16,8870,509,3680,295,8400,701,106*1000,1.32M,228,26.5*1000,19.8*1000,10,473,2020,1070,2600,2270,4400,30.6*1000,2580,13.1*1000,80,13,1220,279,7830,845,5090,1790,36,3770,2340,230,15,215,19.1*1000,1,1100,20.8*1000,203,30.1*1000,39,287,29.4*1000,27,44.6*1000,83,1290,37.7*1000,4200,296,17.7*1000,3500,1210,24.4*1000,240*1000,2570,0,750,166,32.8*1000,5,192,506,279*1000,1080,11.1*1000,37.5*1000,5,5470,2860,13.2*1000,420,2740,2070,79,2890,16.7*1000,11.8*1000,7730,38.4*1000,14.7*1000,99,194,8300,2360,0,14.6*1000,1110,15.5*1000,126,216,457,63,198,737,13,6630,18.3*1000,6620,13.2*1000,5910,3060,1640,22,356,3570,31.2*1000,7,43.6*1000,35*1000,5340,472,17.7*1000,16.6*1000,30,7210,24.7*1000,75,66,26.1*1000,19.2*1000,14.7*1000,8040
1998,41.5*1000,41.9*1000,628,2,282,7780,594,15,866,237,4560,10.8*1000,339,11.3*1000,21.6*1000,160*1000,774,66,48,354,755,98,7830,64.3*1000,30,34,532,1130,6980,1230,273,1530,331*1000,33*1000,22.3*1000,81.8*1000,3790,4,11.6*1000,840,235,637,640,45,303,2280,961,13,231,4980,12.3*1000,5640,38.3*1000,3180,1510,78,142*1000,141,281,2110,88,1190,2640,1150,22.8*1000,18.3*1000,2240,2900,905,641,17,8570,498,3530,305,8270,646,101*1000,1.29M,235,25.6*1000,20.3*1000,9,477,1900,1030,2550,2140,4280,32.4*1000,2470,12.1*1000,78,12,1190,292,7380,776,5300,1810,35,3530,2300,208,14,201,17.8*1000,1,1060,20.7*1000,180,27.6*1000,41,258,29.1*1000,26,44*1000,79,1270,36.4*1000,4270,245,17.5*1000,3250,1160,24.6*1000,242*1000,2440,0,746,158,31.6*1000,4,188,456,276*1000,1080,10.3*1000,37.9*1000,4,5550,2350,11.9*1000,381,2700,1990,78,3270,18*1000,14*1000,7380,38.4*1000,14.8*1000,83,195,8440,2210,0,15.4*1000,1030,16*1000,128,209,402,62,170,724,13,6640,18.5*1000,6670,12.2*1000,5890,2840,1560,20,348,3360,29.9*1000,7,43.2*1000,35.3*1000,4880,453,17.1*1000,16.2*1000,30,7120,21.1*1000,75,62,25*1000,19.1*1000,15.2*1000,8100
1999,42.5*1000,43.1*1000,585,2,282,7810,561,15,853,225,4180,10.9*1000,325,11.3*1000,21.8*1000,154*1000,748,60,44,321,681,96,7570,61*1000,30,33,518,1130,7090,1190,265,1450,331*1000,33.1*1000,21.9*1000,83.2*1000,3890,4,11*1000,849,218,603,650,40,276,2290,961,12,221,4970,11.9*1000,5450,38.1*1000,3260,1500,77,141*1000,130,271,2140,84,1200,2600,1070,22.7*1000,17.4*1000,2260,2850,920,583,17,8360,483,3440,294,8150,601,97*1000,1.25M,236,24.6*1000,20.6*1000,8,474,1750,979,2480,2130,4240,34*1000,2380,11.2*1000,75,12,1240,298,6980,720,5300,1810,34,3390,2220,192,13,190,16.8*1000,1,974,20.4*1000,159,25.2*1000,41,237,28.8*1000,24,43.2*1000,75,1230,35.1*1000,4350,207,17*1000,2940,1120,24.9*1000,244*1000,2330,0,729,156,30.2*1000,4,187,412,270*1000,1070,9650,38.4*1000,4,5620,2060,10.6*1000,368,2600,1940,78,3490,18.5*1000,14.9*1000,7090,38.4*1000,14.8*1000,68,199,8700,2010,0,15.9*1000,985,16.2*1000,129,200,366,61,163,706,13,6520,18.9*1000,6710,11.4*1000,5760,2740,1480,19,344,3110,28.4*1000,7,42.9*1000,35.5*1000,4480,441,17.1*1000,15.7*1000,29,6960,18.6*1000,73,59,24.1*1000,18.7*1000,15.5*1000,8250
2000,42.9*1000,44.2*1000,544,1,273,7780,548,15,847,222,3910,10.9*1000,316,11.3*1000,21.9*1000,148*1000,714,54,43,272,615,94,7340,56.6*1000,31,32,497,1140,7150,1210,258,1390,325*1000,33.2*1000,21.6*1000,84.7*1000,3920,3,10.7*1000,864,196,566,627,36,275,2170,959,10,213,5000,11.7*1000,5240,37.8*1000,3340,1550,74,139*1000,124,264,2080,80,1200,2500,1010,22.8*1000,16.7*1000,2250,2820,921,530,16,8120,464,3350,268,8030,574,94*1000,1.22M,235,23.3*1000,20.6*1000,8,467,1670,917,2420,1990,4260,35.3*1000,2270,10.6*1000,68,11,1320,293,6700,678,5260,1800,33,3330,2140,178,12,189,16.1*1000,1,869,19.9*1000,141,23*1000,41,220,28.3*1000,22,42.7*1000,71,1170,34*1000,4420,186,16.2*1000,2670,1080,24.8*1000,244*1000,2240,0,738,148,28.6*1000,4,182,370,262*1000,1040,9160,38.8*1000,4,5630,1850,9480,348,2470,1910,73,3470,18.3*1000,14.9*1000,6720,38.5*1000,14.8*1000,61,202,8810,1830,0,16.3*1000,928,16.2*1000,129,191,340,57,173,686,13,6250,19.3*1000,6760,10.7*1000,5480,2810,1350,19,345,2890,26.6*1000,7,42.6*1000,35.5*1000,4130,432,17.5*1000,15.2*1000,28,6780,17.6*1000,72,58,23.8*1000,17.9*1000,15.5*1000,8520
2001,43.5*1000,45.1*1000,503,1,266,7600,556,14,822,220,3710,11*1000,311,11.3*1000,22*1000,143*1000,677,48,44,219,557,91,7160,52.1*1000,33,32,471,1150,7140,1220,245,1330,309*1000,33*1000,21.5*1000,86.5*1000,3900,3,10.6*1000,874,177,533,593,33,288,2080,955,10,207,5080,11.8*1000,5010,37.7*1000,3470,1590,73,135*1000,121,259,2100,76,1190,2420,965,23*1000,16.3*1000,2270,2810,922,490,16,7900,443,3240,228,7950,552,91.5*1000,1.18M,226,21.8*1000,20.5*1000,7,441,1650,849,2340,1950,4350,36.4*1000,2160,10*1000,59,10,1400,274,6520,641,5060,1750,33,3340,2030,169,12,189,15.5*1000,1,765,19.4*1000,126,21.1*1000,39,214,28*1000,20,42*1000,68,1100,33.1*1000,4520,181,15.5*1000,2450,1050,24.7*1000,245*1000,2140,0,733,141,27.1*1000,4,184,340,253*1000,996,8760,39.1*1000,4,5630,1750,8510,332,2330,1870,70,3310,17.4*1000,13.8*1000,6470,38.9*1000,14.7*1000,58,206,9040,1670,0,16.5*1000,836,16*1000,128,179,329,54,186,661,14,5860,19.8*1000,6830,10.1*1000,5200,2980,1240,19,349,2680,24.7*1000,7,42.6*1000,35.5*1000,3880,425,18*1000,14.7*1000,27,6530,17.4*1000,70,57,23.8*1000,16.8*1000,15.2*1000,8810
2002,44*1000,46.4*1000,458,1,260,7340,570,13,828,229,3600,11.3*1000,321,11.4*1000,21.8*1000,137*1000,641,43,45,170,508,87,7040,47.7*1000,34,32,448,1160,7090,1280,242,1320,290*1000,32.6*1000,21.6*1000,88.5*1000,3850,3,10.4*1000,881,164,508,538,30,316,1970,946,10,203,5180,12*1000,4820,37.6*1000,3590,1650,69,130*1000,121,253,2030,71,1180,2420,930,23.4*1000,16*1000,2290,2800,922,451,15,7760,419,3110,189,7900,543,89.7*1000,1.13M,217,20.7*1000,20.4*1000,7,426,1590,781,2270,1800,4510,37.4*1000,2080,9670,51,10,1420,254,6370,613,4810,1690,32,3370,1940,163,11,191,15.1*1000,1,680,18.7*1000,110,19.6*1000,38,215,27.9*1000,18,41.3*1000,64,1030,32.4*1000,4620,188,14.8*1000,2280,1020,24.6*1000,245*1000,2050,0,726,134,25.3*1000,4,183,315,242*1000,953,8360,39.1*1000,5,5620,1700,7770,315,2200,1840,67,3030,16.4*1000,12.4*1000,6180,39.1*1000,14.6*1000,56,214,9350,1540,0,16.6*1000,732,15.8*1000,127,170,317,49,204,636,15,5460,20.4*1000,6910,9620,4910,3190,1140,20,352,2500,22.5*1000,6,42.6*1000,35.4*1000,3700,413,18.7*1000,14.4*1000,27,6200,18*1000,69,56,24*1000,15.7*1000,14.8*1000,9140
2003,44.2*1000,47.6*1000,412,1,271,7110,578,12,818,229,3530,11.5*1000,319,11.4*1000,21.6*1000,130*1000,604,39,48,135,457,84,6910,43.5*1000,36,31,426,1170,7060,1350,234,1340,266*1000,32.1*1000,21.7*1000,90.3*1000,3760,3,10.3*1000,887,156,488,485,29,341,1790,936,10,199,5260,12.3*1000,4640,37.1*1000,3680,1700,66,125*1000,126,248,1960,67,1180,2380,897,23.8*1000,15.8*1000,2320,2820,922,412,14,7560,394,2990,161,7850,529,88.2*1000,1.09M,202,19.6*1000,20.2*1000,7,386,1570,727,2230,1660,4690,38.2*1000,2050,9380,46,9,1350,248,6290,572,4590,1630,32,3460,1860,160,10,192,14.9*1000,1,620,18.1*1000,97,18.9*1000,36,222,28.1*1000,16,40.3*1000,61,984,31.9*1000,4710,196,14.3*1000,2160,1010,24.5*1000,245*1000,1940,1,713,134,23.7*1000,4,182,306,234*1000,909,8020,38.9*1000,5,5590,1680,7230,295,2080,1810,67,2690,15.1*1000,11*1000,5990,39.5*1000,14.4*1000,59,220,9570,1430,0,16.7*1000,627,15.6*1000,126,161,312,45,218,616,16,5070,20.9*1000,6990,9130,4660,3340,1050,20,353,2360,20.4*1000,6,42.6*1000,35.2*1000,3610,397,18.8*1000,14.1*1000,26,5810,18.8*1000,71,56,24.1*1000,14.8*1000,14.5*1000,9520
2004,44*1000,48.6*1000,372,1,299,6970,578,11,843,226,3490,11.7*1000,317,11.5*1000,21.2*1000,124*1000,575,35,49,120,417,82,6770,39.6*1000,36,31,407,1180,7000,1390,236,1330,241*1000,31.7*1000,21.9*1000,91.6*1000,3700,2,10*1000,898,152,483,440,28,347,1720,922,11,201,5340,12.8*1000,4500,36.7*1000,3690,1670,62,119*1000,124,242,1880,63,1190,2460,856,24.3*1000,15.6*1000,2310,2830,920,385,13,7340,368,2880,143,7770,515,86*1000,1.05M,195,18.8*1000,20.3*1000,7,363,1540,685,2210,1520,4750,38.8*1000,2080,9150,46,8,1270,260,6250,513,4420,1570,32,3250,1810,155,10,192,14.8*1000,1,588,17.6*1000,86,18.5*1000,35,222,28.1*1000,16,38.9*1000,56,962,31.3*1000,4770,201,14.2*1000,2040,997,24.4*1000,244*1000,1850,1,690,129,22.3*1000,4,182,302,231*1000,883,7720,38.4*1000,5,5580,1680,6790,261,2000,1790,70,2420,14*1000,10*1000,5920,39.6*1000,14.1*1000,61,226,9670,1330,0,16.9*1000,547,15.6*1000,123,156,306,44,223,607,16,4850,21.4*1000,7030,8590,4560,3400,950,21,351,2230,18.7*1000,5,42.3*1000,35*1000,3670,381,19.2*1000,14*1000,26,5530,19.3*1000,73,56,24*1000,14.2*1000,14.2*1000,9990
2005,44*1000,49.5*1000,331,1,317,6660,563,11,850,227,3450,12*1000,325,11.5*1000,20.8*1000,117*1000,560,32,50,127,373,79,6560,35.6*1000,36,30,394,1200,6940,1440,239,1340,216*1000,31.3*1000,21.9*1000,91.7*1000,3620,2,9640,903,152,481,402,28,352,1680,899,11,198,5350,13.3*1000,4420,35.6*1000,3720,1680,59,114*1000,121,228,1810,60,1190,2510,814,24.6*1000,15.2*1000,2310,2830,920,370,13,7170,337,2780,141,7690,500,83.5*1000,1.02M,189,18.3*1000,20.8*1000,6,343,1490,668,2200,1410,4710,38.8*1000,2140,8970,52,8,1120,279,6220,443,4270,1530,31,3080,1800,146,9,184,14.8*1000,1,575,17.2*1000,76,17.6*1000,33,212,28.2*1000,15,37.2*1000,53,974,30.9*1000,4830,197,14.3*1000,1970,1000,24.4*1000,243*1000,1780,0,655,127,21*1000,4,183,301,234*1000,866,7380,37.4*1000,4,5600,1690,6530,245,1950,1770,68,2230,12.9*1000,9610,5930,39.5*1000,13.7*1000,58,233,9740,1270,0,17.3*1000,498,15.6*1000,120,150,304,42,216,598,16,4760,21.8*1000,7030,8060,4590,3300,876,21,348,2120,17.3*1000,5,41.6*1000,34.5*1000,3810,358,18.8*1000,14.2*1000,26,5600,19.6*1000,77,57,23.6*1000,14.1*1000,14.1*1000,10.5*1000
2006,43.9*1000,50.5*1000,297,1,341,6380,532,10,865,217,3420,12.3*1000,319,11.5*1000,20.6*1000,110*1000,557,29,51,150,328,76,6310,32.7*1000,35,28,384,1210,6910,1450,245,1330,190*1000,30.9*1000,21.8*1000,91.9*1000,3540,2,9110,909,154,486,381,27,339,1610,871,12,194,5340,13.9*1000,4370,33.9*1000,3680,1610,56,109*1000,123,214,1810,58,1210,2590,767,24.8*1000,14.7*1000,2310,2800,923,354,14,6940,306,2670,152,7650,479,81.2*1000,982*1000,183,18*1000,21.3*1000,6,352,1440,661,2200,1400,4620,38.8*1000,2210,8810,64,8,1020,309,6260,375,4160,1470,31,2890,1820,136,8,176,14.8*1000,1,585,16.9*1000,69,16.2*1000,31,197,28.3*1000,16,35.2*1000,49,995,30.5*1000,4840,183,14.6*1000,1930,1020,24.3*1000,242*1000,1720,0,613,125,19.9*1000,4,189,308,241*1000,865,7090,36.1*1000,4,5620,1710,6310,227,1940,1780,69,2070,12*1000,9460,5940,39.6*1000,13.4*1000,59,237,9690,1220,0,17.7*1000,476,15.8*1000,117,146,307,42,215,596,16,4770,22.2*1000,7000,7580,4730,3110,806,21,339,2040,16*1000,5,40.6*1000,33.8*1000,4010,335,18.3*1000,14.6*1000,26,5780,19.7*1000,83,57,23.1*1000,14.3*1000,14.1*1000,11.1*1000
2007,43.5*1000,51*1000,271,1,375,6000,505,10,879,205,3410,12.5*1000,312,11.6*1000,20.3*1000,103*1000,559,27,52,180,293,74,6090,30.9*1000,33,27,373,1220,6860,1460,245,1330,166*1000,30.8*1000,21.6*1000,92*1000,3460,2,8610,909,158,494,351,27,332,1550,843,13,196,5260,14.5*1000,4330,32.4*1000,3620,1570,52,104*1000,118,207,1810,55,1220,2670,720,24.9*1000,14.4*1000,2330,2780,933,349,14,6760,280,2560,166,7590,452,79*1000,946*1000,183,17.6*1000,21.9*1000,6,349,1440,655,2250,1300,4470,38.3*1000,2300,8590,76,8,966,333,6280,315,4090,1420,31,2670,1870,129,8,165,14.8*1000,0,598,16.6*1000,63,15.4*1000,30,177,28.4*1000,17,33.5*1000,45,1020,30.3*1000,4850,161,15*1000,1910,1040,24.3*1000,241*1000,1650,0,550,123,18.9*1000,4,202,321,250*1000,869,6730,34.6*1000,3,5650,1720,6100,218,1930,1800,72,1960,11.3*1000,9430,5950,39.4*1000,12.9*1000,60,238,9500,1190,0,18.1*1000,460,16*1000,114,142,308,43,199,600,16,4770,22.5*1000,6950,7180,4910,2880,754,21,330,1980,14.9*1000,5,39.8*1000,33.1*1000,4140,323,18*1000,14.9*1000,26,6030,19.9*1000,88,57,22.5*1000,14.5*1000,14.2*1000,11.7*1000
2008,42.8*1000,51.6*1000,254,1,399,5720,471,9,883,202,3470,12.7*1000,316,11.7*1000,20.1*1000,96.8*1000,559,26,51,210,268,72,5840,30.3*1000,31,27,358,1230,6850,1490,252,1320,147*1000,30.8*1000,21.5*1000,92*1000,3380,2,8150,910,160,498,336,26,306,1570,816,14,189,5180,15*1000,4270,31.5*1000,3550,1560,47,99.6*1000,112,201,1810,54,1230,2710,678,25.1*1000,14.3*1000,2350,2750,943,353,14,6600,263,2430,177,7540,423,77.4*1000,910*1000,188,17.1*1000,22.5*1000,6,361,1420,645,2270,1300,4270,37.8*1000,2320,8300,87,8,910,348,6290,284,4010,1370,30,2490,1920,119,7,152,14.8*1000,0,608,16.4*1000,58,16.2*1000,29,159,28.6*1000,17,30.9*1000,42,1020,30*1000,4850,142,15.3*1000,1830,1060,24.4*1000,241*1000,1610,0,510,121,17.9*1000,4,213,339,258*1000,862,6460,33.3*1000,3,5660,1700,5850,209,1920,1810,75,1850,10.7*1000,9350,5930,39.3*1000,12.6*1000,61,235,9270,1150,0,18.4*1000,447,16.2*1000,111,139,307,41,182,605,16,4670,22.7*1000,6930,6720,5080,2690,741,20,320,1910,13.9*1000,4,39*1000,32.4*1000,4220,311,17.3*1000,15.2*1000,26,6090,20*1000,93,57,21.9*1000,14.6*1000,14.3*1000,12.2*1000
2009,42.3*1000,52.1*1000,244,1,396,5470,441,9,871,193,3600,13*1000,304,11.7*1000,19.6*1000,91.4*1000,552,25,50,220,254,71,5630,30.4*1000,30,27,337,1250,6850,1460,250,1290,131*1000,30.8*1000,21.5*1000,92.1*1000,3280,2,7670,914,159,503,322,25,288,1520,795,15,186,5100,15.3*1000,4180,31.4*1000,3450,1470,41,96.3*1000,106,197,1800,52,1240,2670,629,25.2*1000,14.3*1000,2370,2720,950,343,15,6480,261,2290,174,8160,393,75.8*1000,871*1000,189,16.4*1000,23*1000,6,372,1340,632,2290,1190,4010,37.3*1000,2310,7910,93,8,851,335,6200,289,3940,1290,30,2290,1980,111,7,139,14.6*1000,0,612,16.4*1000,54,18.1*1000,28,140,28.6*1000,18,29.1*1000,37,997,29.8*1000,4820,129,15.4*1000,1840,1100,24.4*1000,241*1000,1540,0,479,122,16.9*1000,4,222,370,263*1000,854,6160,32.4*1000,2,5610,1630,5640,201,1870,1840,79,1710,10.3*1000,9070,5850,39.2*1000,12.4*1000,57,234,9000,1120,0,18.6*1000,437,16.5*1000,109,136,302,40,178,604,16,4460,23*1000,6900,6370,5240,2550,762,20,308,1880,13.2*1000,4,38.4*1000,31.6*1000,4090,304,16.6*1000,15.3*1000,26,6030,19.9*1000,95,57,21.1*1000,14.5*1000,14.2*1000,12.7*1000
2010,41*1000,52.4*1000,246,1,403,5270,413,9,811,187,3830,13.1*1000,303,11.8*1000,19.3*1000,86.8*1000,514,25,49,215,252,71,5440,31*1000,30,28,314,1260,6860,1420,246,1280,121*1000,30.9*1000,21.3*1000,92.4*1000,3210,2,7350,912,156,491,309,24,266,1530,782,16,172,5040,15.5*1000,4060,32.4*1000,3360,1410,36,94*1000,99,194,1730,51,1230,2560,581,25.4*1000,14.3*1000,2410,2690,952,344,14,6350,278,2170,163,7300,374,75.3*1000,831*1000,189,15.8*1000,23.2*1000,5,387,1300,595,2310,1080,3770,36.5*1000,2260,7370,91,7,839,313,6020,318,3890,1220,29,2130,2020,106,7,123,14.3*1000,0,605,16.3*1000,50,19.3*1000,27,122,28.4*1000,18,27.7*1000,33,965,29.5*1000,4790,124,15.1*1000,1870,1120,24.4*1000,241*1000,1470,0,459,116,15.7*1000,4,226,383,263*1000,830,5940,31.7*1000,2,5510,1520,5460,194,1810,1830,89,1550,10.2*1000,8470,5710,39.1*1000,12.3*1000,57,229,8690,1070,0,18.4*1000,428,16.6*1000,108,131,292,38,176,596,16,4240,23.1*1000,6870,6060,5370,2510,842,20,297,1840,12.4*1000,4,38.4*1000,30.9*1000,3830,292,15.9*1000,15.3*1000,25,5920,19.8*1000,94,55,20.5*1000,14*1000,14.1*1000,12.9*1000
2011,39.6*1000,52.6*1000,260,1,403,5180,382,8,770,189,4120,13.2*1000,300,11.8*1000,18.9*1000,82.9*1000,464,25,46,192,251,71,5240,31.6*1000,29,29,287,1280,6900,1360,249,1250,113*1000,31.1*1000,21.2*1000,92.7*1000,3120,2,7080,910,150,480,297,23,229,1550,772,16,162,4980,15.5*1000,3920,34*1000,3270,1330,29,92.2*1000,91,188,1730,49,1230,2390,536,25.6*1000,14.3*1000,2440,2650,953,343,14,6260,310,2060,145,7130,353,76*1000,793*1000,186,15.1*1000,23.3*1000,5,384,1200,551,2310,1070,3500,35.8*1000,2220,6810,86,7,824,282,5810,376,3820,1130,29,2000,2050,96,7,109,14.1*1000,1,588,16.2*1000,46,19.2*1000,26,108,28.1*1000,18,26.6*1000,29,925,29.3*1000,4770,122,14.7*1000,1940,1150,24.6*1000,241*1000,1390,0,445,108,14.6*1000,4,215,401,261*1000,808,5750,31.3*1000,2,5420,1410,5380,189,1730,1830,100,1410,10.2*1000,7810,5520,39*1000,12.2*1000,58,223,8390,1020,0,18.3*1000,412,16.8*1000,109,126,274,36,176,576,16,3890,23.2*1000,6820,5770,5470,2530,948,20,286,1830,11.9*1000,4,38.4*1000,30.4*1000,3410,285,15.2*1000,15.1*1000,23,5810,19.4*1000,91,52,19.8*1000,13.2*1000,13.8*1000,13*1000
2012,38.3*1000,52.9*1000,275,1,382,5100,355,8,725,184,4350,13.2*1000,283,11.9*1000,18.6*1000,79.9*1000,412,26,44,167,248,71,5090,31.6*1000,28,31,262,1290,6970,1290,243,1220,105*1000,31.2*1000,21.1*1000,93.3*1000,3060,2,6840,907,143,458,285,21,204,1490,766,17,145,4910,15.3*1000,3770,35.6*1000,3190,1190,24,90.1*1000,83,179,1810,48,1220,2200,494,25.7*1000,14.3*1000,2460,2630,950,339,13,6160,346,1950,126,6940,333,76.3*1000,753*1000,172,14.3*1000,23.1*1000,5,395,1100,512,2290,1070,3230,35.1*1000,2170,6200,79,7,806,261,5570,439,3750,1040,28,1870,2070,90,6,97,13.7*1000,1,566,16.1*1000,44,18.3*1000,25,99,27.9*1000,17,25.6*1000,26,887,29.1*1000,4730,122,14.3*1000,2070,1170,24.8*1000,242*1000,1310,0,435,99,13.6*1000,4,208,419,256*1000,774,5500,30.7*1000,3,5290,1290,5320,184,1640,1800,106,1260,10.1*1000,7150,5360,38.9*1000,12.2*1000,59,217,8080,961,0,18*1000,405,17*1000,109,121,260,34,176,554,15,3550,23.4*1000,6780,5570,5560,2570,1060,19,273,1810,11.3*1000,4,38.6*1000,30*1000,3010,268,14.5*1000,14.7*1000,22,5700,19*1000,86,49,19.2*1000,12.4*1000,13.5*1000,13.1*1000
2013,37*1000,53*1000,282,1,356,4920,324,8,685,179,4400,13.3*1000,279,11.9*1000,18.4*1000,77.1*1000,367,24,42,141,240,71,4940,30.4*1000,28,32,242,1290,6990,1230,237,1200,100*1000,31.4*1000,21.1*1000,93.7*1000,3010,2,6600,898,138,437,284,20,183,1510,752,17,137,4800,15.1*1000,3640,36.4*1000,3110,1080,21,88.8*1000,76,171,1810,47,1220,1950,445,25.7*1000,14.3*1000,2480,2610,946,331,13,6050,376,1860,108,6730,316,76*1000,722*1000,159,13.5*1000,22.9*1000,4,384,1020,480,2270,1060,2990,34.4*1000,2100,5660,72,6,791,240,5370,482,3690,962,27,1780,2070,86,7,87,13.2*1000,1,538,16.2*1000,41,17.6*1000,24,92,27.6*1000,16,24.9*1000,23,843,29*1000,4720,122,13.9*1000,2130,1180,25*1000,241*1000,1250,0,426,97,12.8*1000,3,195,430,251*1000,747,5350,30.1*1000,3,5190,1220,5230,171,1550,1790,111,1130,10*1000,6650,5110,38.8*1000,12.2*1000,59,209,7790,910,0,17.8*1000,398,17*1000,109,116,242,33,178,535,15,3210,23.6*1000,6730,5280,5550,2600,1140,18,261,1780,10.6*1000,4,38.7*1000,29.8*1000,2600,256,14*1000,14.2*1000,20,5520,18.4*1000,82,45,18.7*1000,11.6*1000,13.3*1000,13*1000
2014,36.2*1000,53.2*1000,279,1,339,4800,301,7,657,173,4270,13.2*1000,278,12*1000,18.4*1000,74.4*1000,335,24,40,124,239,70,4820,28.6*1000,27,33,226,1270,6990,1180,231,1140,93.4*1000,31.5*1000,21.1*1000,94.3*1000,2950,2,6360,889,133,421,270,19,168,1450,737,17,129,4710,14.8*1000,3530,35.8*1000,3060,1040,18,87.4*1000,75,164,1730,46,1200,1820,408,25.4*1000,14.3*1000,2470,2590,944,307,12,5950,391,1790,98,6540,304,73.9*1000,696*1000,154,12.8*1000,22.5*1000,4,368,998,464,2180,941,2740,33.7*1000,1990,5280,67,6,733,222,5220,491,3640,894,26,1680,2050,81,6,82,12.7*1000,1,513,16.2*1000,38,16.6*1000,23,87,27.4*1000,16,24.3*1000,21,789,28.8*1000,4700,119,13.7*1000,2150,1190,25.5*1000,240*1000,1170,0,432,91,12.3*1000,3,184,422,245*1000,721,5100,29.6*1000,3,5130,1120,5090,167,1470,1770,109,1050,9740,6300,4870,38.6*1000,12.1*1000,53,203,7620,868,0,17.7*1000,389,17*1000,109,112,227,31,181,519,14,2970,23.8*1000,6690,4960,5490,2580,1160,17,249,1720,9980,4,38.6*1000,29.7*1000,2380,246,13.7*1000,13.7*1000,19,5340,17.9*1000,79,43,18.2*1000,11.1*1000,13.2*1000,12.8*1000